10689,0.35320053480116104
10690,0.31603038668261474
10691,0.6656796813305137
10692,0.4160480704038941
10693,0.9345033569154326
10694,0.9305137445815079
10695,0.0439706275029283
10696,0.0317752875914016
10697,0.035363526530160526
10698,0.16478324152064602
10699,0.11858831519903297
10700,0.2159923785053771
10701,0.29171051212116866
10702,0.22538215870799536
10703,0.20083371951246085
10704,0.5961680716780591
10705,0.8486800006634935
10706,0.0278013617633691
10707,0.011025993481388262
10708,0.022830818626822402
10709,0.9355758656858099
10710,0.5006143934405515
10711,0.5368175439627577
10712,0.44623850888769107
10713,0.24244685910527294
10714,0.10866295089961343
10715,0.7896607052457764
10716,0.9552990274972704
10717,0.25143048073056734
10718,0.7062787519363644
10719,0.7765260237224486
10720,0.36909778937549537
10721,0.21897568697443495
10722,0.3034921760570655
10723,0.46625113191475315
10724,0.6593970505300744
10725,0.8876142151970909
10726,0.4151487298866434
10727,0.08732982191325911
10728,0.9252728154516401
10729,0.1377975899255613
10730,0.7293021251560429
10731,0.45676657280367156
10732,0.30038447971261
10733,0.23991787799452904
10734,0.14246882347284054
10735,0.96633835461917
10736,0.9832479941004856
10737,0.8141868973291014
10738,0.6535908782936427
10739,0.8801284685312778
10740,0.032384484285087965
10741,0.9736082185584082
10742,0.609935209269254
10743,0.05780700569416888
10744,0.08574002419901339
10745,0.08574002419901339
10746,0.09070155484896002
10747,0.09070155484896002
10748,0.7020325739068385
10749,0.9436728518647621
10750,0.49302102384283475
10751,0.4012894678004475
10752,0.4012894678004475
10753,0.24255813778127466
10754,0.37978149000978956
10755,0.9587783363019828
10756,0.980027285462432
10757,0.9293653852170759
10758,0.8882518615974371
10759,0.6800579189370065
10760,0.0994684500410951
10761,0.9765281961019848
10762,0.8636860519733882
10763,0.9026380737911927
10764,0.8373150816485341
10765,0.0748521420576319
10766,0.9646575403449559
10767,0.9858750343238535
10768,0.38658762857148044
10769,0.1874536340699128
10770,0.041966585409576596
10771,0.2419760977435174
10772,0.6992846106281702
10773,0.2950262496866157
10774,0.00950618874249988
10775,0.007312573143746078
10776,0.02079514099106818
10777,0.24711619626867976
10778,0.9304919952740325
10779,0.8849469144725625
10780,0.9253832416190528
10781,0.33630218807026924
10782,0.06775137710076114
10783,0.02212941401237986
10784,0.5119922505430444
10785,0.8653780278322626
10786,0.02532677835184569
10787,0.9006843901591134
10788,0.11208972217129735
10789,0.4992050296253474
10790,0.4493967573928154
10791,0.8199720079292662
10792,0.6201812963911366
10793,0.6358238864114898
10794,0.6358238864114898
10795,0.8373150816485341
10796,0.05850485169679782
10797,0.03647388033008012
10798,0.03303507794883457
10799,0.0554269867956142
10800,0.01574707620508896
10801,0.022944841058008977
10802,0.05170097797677573
10803,0.14862089697211237
10804,0.9633941241440597
10805,0.0003116652632757453
10806,0.9987437853538094
10807,0.024809254634388506
10808,0.2115744683828093
10809,0.4081788011979196
10810,0.004344594982428908
10811,0.8030402078409967
10812,0.767835760595017
10813,0.04868616096981424
10814,0.005404571970371744
10815,0.9259330938692982
10816,0.7501433165259453
10817,0.012990434871769742
10818,0.9556564891717628
10819,0.8142329060403037
10820,0.7946872084564955
10821,0.7755012415389614
10822,0.006785319444280888
10823,0.7098480312864731
10824,0.24840734159344455
10825,0.1655459291878754
10826,0.8652398040981047
10827,0.9909717252397051
10828,0.8910894658069718
10829,0.3340360634435591
10830,0.09060970497052216
10831,0.8584825110143108
10832,0.31705832134455586
10833,0.07298442423653835
10834,0.2104389262793344
10835,0.0184511403639056
10836,0.9677154986095724
10837,0.7497403217404376
10838,0.87481542857577
10839,0.5690575245848936
10840,0.7063676156569286
10841,0.6376670010820076
10842,0.8409880066016236
10843,0.878456290437902
10844,0.846002590237758
10845,0.9956227372782528
10846,0.6622384499783014
10847,0.8597187073219557
10848,0.5647901302809851
10849,0.6475413228542078
10850,0.7117273265186197
10851,0.015960712688249456
10852,0.6928599372889425
10853,0.6744713448981852
10854,0.48294148403659787
10855,0.2414689366338893
10856,0.17951815515442152
10857,0.1812263479489633
10858,0.2702686005457915
10859,0.09547021296987268
10860,0.06964650444424846
10861,0.0008021860826711363
10862,0.15627228735093804
10863,0.06522468715710165
10864,0.9868084913960325
10865,0.9871990157403476
10866,0.02482193996038279
10867,0.004009626946648386
10868,0.2054915170762485
10869,0.008064246898299446
10870,0.0474039808335969
10871,0.9978366766314731
10872,0.1912921560578261
10873,0.09608668172786383
10874,0.9858750343238535
10875,0.8867771788933966
10876,0.9752072647497039
10877,0.9704343132140801
10878,0.21730165720443115
10879,0.008227328797040807
10880,0.010457863997677288
10881,0.8742201648115051
10882,0.422218390264081
10883,0.06587768886433236
10884,0.08210164917081127
10885,0.8120649324467254
10886,0.9033093280304059
10887,0.006463899764231864
10888,0.6087066181379426
10889,0.9496782770007044
10890,0.6087066181379426
10891,0.8107419538895826
10892,0.8783335519172031
10893,0.9340164700749387
10894,0.7755712417383333
10895,0.7530617495843924
10896,0.9604130933427145
10897,0.9197157462642105
10898,0.0010265750892067844
10899,0.3033710132037528
10900,0.9806137255490837
10901,0.9875043947920793
10902,0.3552373053389253
10903,0.6412918025771465
10904,0.934581727405003
10905,0.9753459626008065
10906,0.9589711714445932
10907,0.6932300601327578
10908,0.02112321740858936
10909,0.9174066057595307
10910,0.29138475534429614
10911,0.7967103652878419
10912,0.9645415568941441
10913,0.9265008398635769
10914,0.9854157185555913
10915,0.9108986422854368
10916,0.27789133503984503
10917,0.3537275338053801
10918,0.9302028849051958
10919,0.003887478768107857
10920,0.4117047177335271
10921,0.9575240046221317
10922,0.09642421156109908
10923,0.8502257832206825
10924,0.9506200504305851
10925,0.7635246387942548
10926,0.638084941351453
10927,0.18274347136466276
10928,0.8377697072447069
10929,0.8322323629402958
10930,0.07494460652433124
10931,0.8085923228877302
10932,0.953843304356739
10933,0.9025768728889485
10934,0.3304557857402771
10935,0.47384848965325954
10936,0.3576414319447265
10937,0.8142276418956884
10938,0.014231216454786505
10939,0.7505439321259227
10940,0.9381091229660568
10941,0.9318723760551991
10942,0.5771997952086003
10943,0.5099339758260834
10944,0.05447756723381542
10945,0.013539339951123053
10946,0.9404030665701136
10947,0.4025331400087334
10948,0.015007076552104053
10949,0.7479958082692963
10950,0.2234192707341578
10951,0.2678482959044926
10952,0.564113430073875
10953,0.0014202217304095787
10954,0.5092293738278095
10955,0.011839287667546536
10956,0.01007511028573744
10957,0.012366899297748243
10958,0.010411684754506254
10959,0.21426967224888327
10960,0.6592992767007759
10961,0.8092970804031966
10962,0.5274703292834801
10963,0.37598906066607607
10964,0.42133763358867915
10965,0.00557967216379066
10966,0.9810314167152169
10967,0.9864604413109765
10968,0.7346664237026581
10969,0.9812904452399115
10970,0.07106556968674071
10971,0.21817969054664976
10972,0.5680262740232117
10973,0.3773027550036269
10974,0.08360458756090565
10975,0.8802421324170052
10976,0.9749173538450567
10977,0.8815905701802995
10978,0.8855876112704758
10979,0.9568298282619278
10980,0.11834306477035994
10981,0.03596438686847852
10982,0.2870627959122681
10983,0.2666686194295529
10984,0.28082279133218285
10985,0.01876482210110562
10986,0.8686949837522597
10987,0.9594089015298468
10988,0.8304609654139206
10989,0.07869404114607896
10990,0.004645997591435905
10991,0.0012357777582081406
10992,0.00033650973593847945
10993,0.9868928766642893
10994,0.27359366473940755
10995,0.4519871236886402
10996,0.23242619383720417
10997,0.022184228445617956
10998,0.9913454571224944
10999,0.9016381928334499
11000,0.2942845528488358
11001,0.016745735255472623
11002,0.3070023871681547
11003,0.8626430791825479
11004,0.9404107433360807
11005,0.17911416891191234
11006,0.36349149676004405
11007,0.9791243170484518
11008,0.0021128732066613646
11009,0.9503165095298387
11010,0.9313395029209722
11011,0.7821647172038513
11012,0.7373469561101257
11013,0.024441503084045045
11014,0.22675244776596384
11015,0.029966851046236486
11016,0.3101100747957
11017,0.49071217133772865
11018,0.07490122668203315
11019,0.4886086630310915
11020,0.012471922272377464
11021,0.8161101800256549
11022,0.7992108687970996
11023,0.7638082138538914
11024,0.03525685179084703
11025,0.7707118426132581
11026,0.7682992306149342
11027,0.6371456410512385
11028,0.29523520341348647
11029,0.2922330657766657
11030,0.10471877054696799
11031,0.8775610553511402
11032,0.2304896101573326
11033,0.8625027539076128
11034,0.05405801143024147
11035,0.012967440737027791
11036,0.7141440090045346
11037,0.4733016638346624
11038,0.3447592022368566
11039,0.9706967540412554
11040,0.5614838891040398
11041,0.6664727273500146
11042,0.4375468231820398
11043,0.8503270694966543
11044,0.07671049585770133
11045,0.04847352554411659
11046,0.23079280515578018
11047,0.8726711641537369
11048,0.5697516872033638
11049,0.059246263780080986
11050,0.29257040490088376
11051,0.9225872687756883
11052,0.6665762264471505
11053,0.32841326219592504
11054,0.827578576801285
11055,0.1379932673554439
11056,0.7433921993660985
11057,0.20199651028326837
11058,0.01783322946285864
11059,0.025680565298064003
11060,0.023238205729575252
11061,0.061786304696296986
11062,0.021308101247995478
11063,0.8770563062028421
11064,0.8558828608412958
11065,0.8783968293622908
11066,0.6348420481330278
11067,0.28674500308341905
11068,0.5743411062265636
11069,0.07136167256474994
11070,0.8595089266842653
11071,0.9061685471480597
11072,0.9339626489655116
11073,0.90137589427738
11074,0.6942811626503164
11075,0.040477607318251486
11076,0.6682976242933657
11077,0.5933598592793028
11078,0.02436118269040129
11079,0.4176164267739703
11080,0.49268266608555966
11081,0.6917533686683512
11082,0.09004414955325034
11083,0.004714405805600403
11084,0.25637117620755595
11085,0.6938001891841327
11086,0.840329282337808
11087,0.9839715813287727
11088,0.022590864013360534
11089,0.07459380882535252
11090,0.046482156754837196
11091,0.7139274261754041
11092,0.6915149800704209
11093,0.526112036437808
11094,0.514240554003447
11095,0.8515318529315529
11096,0.8515318529315529
11097,0.0006851943175284952
11098,0.02130531783566511
11099,0.33272015648332826
11100,0.4271102397025472
11101,0.09399753041890065
11102,0.05215359733122093
11103,0.5076700314999875
11104,0.479530374723169
11105,0.6314718528056726
11106,0.12740092368434405
11107,0.7342283225679171
11108,0.9950893232998244
11109,0.9633312992894058
11110,0.6596109760666464
11222,0.8979860062560645
11223,0.979513850317023
11224,0.9325060255010985
11225,0.26576276284062833
11226,0.9338549512587967
11227,0.0012241084689853276
11228,0.2679434358394525
11229,0.8907124848597437
11230,0.7342502177281314
11231,0.29841888115257204
11232,0.04508839479757507
11233,0.9954955151383502
11234,0.9178443187305559
11235,0.03552063752241161
11236,0.9762009846649415
11237,0.008001673161161703
11238,0.9463780498736591
11239,0.709243205666558
11240,0.9496993319693672
11241,0.9227658013499532
11242,0.9362903977074103
11243,0.021874331313905898
11244,0.08175568656585559
11245,0.9639362789624992
11246,0.17289269767973958
11247,0.19886920876771316
11248,0.23209670841116647
11249,0.9882096098645304
11250,0.033951539536986895
11251,0.682417835828072
11252,0.3519930015474584
11253,0.8558535662367499
11254,0.621155209505439
11255,0.9251626597548829
11256,0.9867586667904052
11257,0.011385652112683177
11258,0.07927433148937592
11259,0.9881986327034875
11260,0.9975585468595313
11261,0.03595413973745364
11262,0.9830391962948903
11263,0.787818137653658
11264,0.17895124430053624
11265,0.14044498085732518
11266,0.0005071732061022088
11267,0.5196015621617653
11268,0.11578045103723734
11269,0.004282468164041949
11270,0.3418091699937856
11271,0.07649655461900429
11272,0.27841488271008097
11273,0.7405946867895956
11274,0.9699969154172077
11275,0.9871928292723777
11276,0.9189461115806195
11277,0.9377220584302112
11278,0.46350457749782176
11279,0.01850868529904757
11280,0.08496977374123507
11281,0.17914845124456366
11282,0.959554216185261
11283,0.005164194003582949
11284,0.08453716531004302
11285,0.2682154242712234
11286,0.049008184433212885
11287,0.9876913747986511
11288,0.5625494622910749
11289,0.3706721712328657
11290,0.024932939512758778
11291,0.024754101901532728
11292,0.8975246261504402
11293,0.8519967702940431
11294,0.3071146485084797
11295,0.5869517308103277
11296,0.04101655690214734
11297,0.0005595220309678896
11298,0.2103110663342195
11299,0.7238672942281313
11300,0.3614602709904831
11301,0.9171266844339728
11302,0.448745570812493
11303,0.8334805369365103
11304,0.5073092073804546
11305,0.0004782790170092578
11306,0.06874587022452024
11307,0.27609912465597536
11308,0.9880105657011224
11309,0.7758899675683706
11310,0.3918845336347639
11311,0.11856996102783142
11312,0.015176605196932412
11313,0.11500808578324968
11314,0.06095079246975165
11315,0.6025410894490678
11316,0.9593407034682344
11317,0.03367060845328226
11318,0.8779905692834672
11319,0.9481639389353943
11320,0.9559275209429285
11321,0.7996010350598599
11322,0.5825016798563057
11323,0.2299420590256126
11324,0.9318051654998953
11325,0.22816144447128198
11326,0.4067829650664576
11327,0.1348307682397442
11328,0.8548919446659706
11329,0.08694958357585754
11330,0.8184561197391922
11331,0.005430855218079123
11332,0.7128362367952136
11333,0.9771498666032283
11334,0.9734024127416112
11335,0.9388108352626424
11336,0.035790241584491025
11337,0.4621895149480282
11338,0.19946380134428554
11339,0.07147501470235358
11340,0.017844134224541924
11341,0.08629232417007926
11342,0.9790972429665875
11343,0.375132818588384
11344,0.09473204579854916
11345,0.884206319548249
11346,0.0023117625629556866
11347,0.7268691007174279
11348,0.9676803945450901
11349,0.7836619295256512
11350,0.07495422635450405
11351,0.009768662490023162
11352,0.9747952904361553
11353,0.9594623332765364
11354,0.021529871778917922
11355,0.46774437714731204
11356,0.6635481034766019
11357,0.9873189684863708
11358,0.7397020414981695
11359,0.006563959214815996
11360,0.09983214744002467
11361,0.4880798881213178
11362,0.37214978164115103
11363,0.4951247637632104
11364,0.0007323449904369692
11365,0.9525767999265118
11366,0.961760738526432
11367,0.6436659582853189
11368,0.8032348343188513
11369,0.0743284833399558
11370,0.8243178880853119
11371,0.4208300532358733
11372,0.9723281090444151
11373,0.4042495404628446
11374,0.12960872647443125
11375,0.8542027021962136
11376,0.07674130143646082
11377,0.07002059303413584
11378,0.08197565598437606
11379,0.09164572265270805
11380,0.42419899929529886
11381,0.5716214247308699
11382,0.9195496608219227
11383,0.8344151311106132
11384,0.5888314140965387
11385,0.0011095716011361922
11386,0.5284607545325689
11387,0.03521075029362206
11388,0.3410760058852895
11389,0.16053865503185885
11390,0.2756391193040306
11391,0.2756391193040306
11392,0.2561174772247401
11393,0.2440335903438303
11394,0.34930377716030897
11395,0.20993357439175372
11396,0.5217530374204365
11397,0.21782497508729695
11398,0.937983512637069
11399,0.7169129896188705
11400,0.9624669084879026
11401,0.6112523773909173
11402,0.18554403789891846
11403,0.0997107162414745
11404,0.9604079495401855
11405,0.8582513456760938
11406,0.2079270134609601
11407,0.5124562710764803
11408,0.1352495010509667
11409,0.010909405864263548
11410,0.3661512804447048
11411,0.30240876795812305
11412,0.9224051849636884
11413,0.8680201547683182
11414,0.9549491190699708
11415,0.005348358913302625
11416,0.5293232793000789
11417,0.46905740855771166
11418,0.07074827410345462
11419,0.9613235958376021
11420,0.18017904138145382
11421,0.6697321376894045
11422,0.03911325889013233
11423,0.5258329908286132
11424,0.7387184198621656
11425,0.6694430100355754
11426,0.8298920667893092
11427,0.8873030308588671
11428,0.013460601100186409
11429,0.014341155178467494
11430,0.08231055991552177
11431,0.1406823146602212
11432,0.1406823146602212
11433,0.24450881769753519
11434,0.21945138608572023
11435,0.7800089104526352
11436,0.011326387743130514
11437,0.1244528235991144
11438,0.3672006627729478
11439,0.9732647362891877
11440,0.9686322614803511
11441,0.039163034921302915
11442,0.054541729903539116
11443,0.04003831577329885
11444,0.010629863872921303
11445,0.9541519767005733
11446,0.9862715982024146
11447,0.12230163147561861
11448,0.07402741529604097
11449,0.0183501308378153
11450,0.21003960144612036
11451,0.05204872852973993
11452,0.2298940596495589
11453,0.10345253367299051
11454,0.06520741291294853
11455,0.4623272904744775
11456,0.8223066961303326
11457,0.408088694259592
11458,0.7002936204744417
11459,0.0006640070628797456
11460,0.003778137941628
11461,0.14458900087234056
11462,0.1857625545791493
11463,0.0932469240611205
11464,0.19913418077639594
11465,0.1972892468240833
11466,0.0900761133873166
11467,0.11955359093270643
11468,0.1808815756146176
11469,0.15049162702977642
11470,0.06659540439008267
11471,0.2213860482239429
11472,0.6958096024130183
11473,0.9096553862539968
11474,0.750815458048486
11475,0.44673984111773285
11476,0.5355031012975106
11477,0.7850901279326843
11478,0.9946586418692857
11479,0.15443804581594245
11480,0.014231889685178196
11481,0.05558356362854183
11482,0.0167256952810955
11483,0.7442113709939154
11484,0.26714912974735744
11485,0.0025706114472850337
11486,0.0028613244051087956
11487,0.0015737148876685243
11488,0.9280843077939357
11489,0.8267431151034943
11490,0.4716427641339051
11491,0.6982877439430375
11492,0.07282574282890679
11493,0.03112231421632918
11494,0.026414306028130444
11495,0.008508551883173988
11496,0.08084396893076275
11497,0.2526044563560455
11498,0.0009967924875094543
11499,0.027369322921621978
11500,0.8601284375564312
11501,0.7901297770589323
11502,0.2706516370304134
11503,0.19058152089122785
11504,0.570334420645554
11505,0.8811437616156003
11506,0.6596126699156988
11507,0.02846478034340687
11508,0.972152756413177
11509,0.49737901920538474
11510,0.47123032283067984
11511,0.8932809503787015
11512,0.9035340787360916
11513,0.9264729343501082
11514,0.9698934074065081
11515,0.0010016684092336897
11516,0.12535841982251084
11517,0.04523070972164007
11518,0.9090824746162204
11519,0.9458005646801628
11520,0.39545280928416043
11521,0.9745559072844816
11522,0.650988811390253
11523,0.17184147648232828
11524,0.9394407123182443
11525,0.8885361025153987
11526,0.8885361025153987
11527,0.9109667791668673
11528,0.986630527257065
11529,0.5783870893432422
11530,0.11072680849514525
11531,0.7020047139875816
11532,0.6690043654699246
11533,0.3495484447084529
11534,0.2760776712824
11535,0.8077490099811516
11536,0.15542089755529387
11537,0.09149284200094177
11538,0.47443455708724414
11539,0.7645757312502705
11540,0.7339722347355018
11541,0.006550085599696016
11542,0.5337281626952259
11543,0.8309695908079565
11544,0.45802676426072253
11545,0.2638756738034915
11546,0.25562122442242785
11547,0.18784282253532336
11548,0.27937709937210803
11549,0.29507662293838294
11550,0.39999017693000605
11551,0.9709524727174507
11552,0.09028148029989173
11553,0.013924828242400369
11554,0.08290357796082466
11555,0.8624362123755142
11556,0.0367147288166165
11557,0.14963247914005523
11558,0.03678563361374413
11559,0.012245197054440882
11560,0.00561873022476686
11561,0.13958844550400532
11562,0.3195984713864875
11563,0.8649048870980508
11564,0.8842692601506786
11565,0.9312996373810846
11566,0.009001835072577707
11567,0.625183774432012
11568,0.36102557644393424
11569,0.3169264655278408
11570,0.10794380280933087
11571,0.1076368371198017
11572,0.003000205231682473
11573,0.012053600935341862
11574,0.3878389131848867
11575,0.3706638158574256
11576,0.17236265718894483
11577,0.0675752774505178
11578,0.03471947026575347
11579,0.19147866953545
11580,0.5336202275153663
11581,0.835717719547766
11582,0.8310360948158199
11583,0.5974881999781078
11584,0.5782041011058939
11585,0.8601469560881803
11586,0.9160879608711193
11587,0.9479785251277887
11588,0.9531311268104389
11589,0.9646359151307178
11590,0.0668010348238163
11591,0.010650701910981454
11592,0.008163368622834262
11594,0.8817824187250487
11595,0.9452206287154126
11596,0.7917186865491594
11597,0.7646695957380276
11598,0.9035340787360916
11599,0.8932809503787015
11600,0.21561686820416137
11601,0.6732892541461344
11602,0.6742344129259408
11603,0.15200514052229722
11604,0.1598825777908264
11605,0.04987402713079218
11606,0.09889278461204444
11607,0.09246121446145117
11608,0.22512995739383204
11609,0.184290254312285
11610,0.7659818740898103
11611,0.039196129321331874
11612,0.13754296758916587
11613,0.10147536453786643
11614,0.8672890890576626
11615,0.016845294312263857
11616,0.013921020655301859
11617,0.030979949718855974
11618,0.17777350956287155
11619,0.05611059712742036
11620,0.4965159476224887
11621,0.002521511276483264
11622,0.20460241346719923
11623,0.18364561447690395
11624,0.9211878200847026
11625,0.7087107696773035
11626,0.8953773299508686
11627,0.9066781405042761
11628,0.2337515438916438
11629,0.2824489657351163
11630,0.6692333734318421
11631,0.6402202147929175
11632,0.7474914356444528
11633,0.20366406537360224
11634,0.059505442366180106
11635,0.9127540598432976
11636,0.8958518021252324
11637,0.0018398547701405463
11638,0.9657567863886672
11639,0.17038360423489698
11640,0.9639920761819956
11641,0.05970842669570454
11642,0.02218750995818819
11643,0.5302518244840346
11644,0.6689344956981538
11645,0.2833521270970506
11646,0.9758124777185193
11647,0.21536114754240274
11648,0.013550247690983735
11649,0.3186938199047734
11650,0.9031036799005671
11651,0.4708870118945521
11652,0.08395586863764976
11653,0.5944900070641541
11654,0.8966660956403263
11655,0.8695019988635809
11656,0.4605164610351589
11657,0.7329166672764911
11658,0.7233719070190502
11659,0.8892868187177636
11660,0.005236521681652263
11661,0.9170534873760534
11662,0.23708189929566884
11663,0.9455893812857409
11664,0.12390252860512797
11665,0.47827099546147017
11666,0.17207266048803227
11668,0.021282679141203954
11669,0.5217880784481022
11670,0.6269405323739291
11671,0.5921222524911772
11672,0.6112512489303845
11673,0.18830250734810305
11674,0.42298357286426647
11675,0.22951066530588402
11676,0.21015366222431417
11677,0.1342343015667424
11678,0.1342343015667424
11679,0.38923387252016955
11680,0.7520453226538484
11681,0.006673081939573011
11682,0.02063653477413156
11683,0.3776536411978644
11684,0.014645167985659638
11685,0.017645615342887812
11686,0.03673749646015002
11687,0.017189639800192356
11688,0.010794407939545897
11689,0.11376511652157735
11690,0.0012304699738715519
11691,0.006050176799462406
11692,0.31516550859977427
11693,0.007469379255067597
11694,0.01929285087468094
11695,0.2665984728268982
11696,0.952650810929784
11697,0.9713818108474818
11698,0.18994130068274329
11699,0.40761195435402825
11700,0.8805533285414407
11701,0.5949434822796742
11702,0.9414389470564603
11703,0.3218439610790948
11704,0.817404406240342
11705,0.5944279917854155
11706,0.009976733274511774
11707,0.685233964121848
11708,0.7686312792136217
11709,0.6320574406371658
11710,0.6587218638950744
11711,0.5687158272641532
11712,0.7252389236726288
11713,0.7747261477302703
11714,0.00609733948623847
11715,0.008825600876732863
11716,0.009338315423609557
11717,0.6935533244364129
11718,0.5577495957448885
11719,0.007052197314465172
11720,0.006958260186647969
11721,0.97126143523954
11722,0.14470350104870325
11723,0.9146833861772853
11724,0.04572866713447719
11725,0.8151647715773271
11726,0.018360953975603483
11727,0.5561191073407459
11728,0.64222891153067
11729,0.24222042442244818
11730,0.2239534640547037
11731,0.48662962419532
11732,0.06389380626057861
11733,0.746374234267522
11734,0.8158593973137381
11735,0.3844860643142827
11736,0.8117335994767437
11737,0.5912963281763148
11738,0.10999393973556527
11739,0.4008978441869653
11740,0.0262027365531578
11741,0.4429721128564572
11742,0.5677715778814649
11743,0.027444024966298223
11744,0.029390060709986444
11745,0.20467664495139956
11746,0.04069077918740701
11747,0.2084956105762458
11748,0.0016646575151421997
11749,0.0712558805914934
11750,0.8637622984662502
11751,0.09561002984657858
11752,0.1473069928261939
11753,0.1605874555916932
11754,0.15292030521167146
11755,0.8201226191115505
11756,0.3765673454240166
11757,0.03731745288494653
11758,0.152959470203432
11759,0.5784884625393599
11760,0.5528236835709773
11761,0.7928785731758032
11762,0.0394382603289143
11763,0.8473754438276112
11764,0.7489886001065797
11765,0.14579760941238637
11766,0.8596598635816713
11767,0.0035933815646584395
11768,0.6955920414828576
11769,0.7761048588901627
11770,0.5255472281228447
11771,0.7441213140801414
11772,0.6918234544868321
11773,0.659906830823978
11774,0.3844860643142827
11775,0.4631896292224485
11776,0.44933479670562604
11777,0.3886381819821479
11778,0.8484260822569226
11779,0.0049870755068148745
11780,0.8526209597568117
11781,0.07657872890326385
11782,0.9612931495067353
11783,0.861065120129335
11784,0.6367028794870839
11785,0.831639037238524
11786,0.012268806956217501
11787,0.872178625679696
11788,0.023184485104884623
11789,0.06279293169175328
11790,0.6534532785552638
11791,0.538629538207704
11792,0.04888896876709609
11793,0.15019018761993436
11794,0.7432493440412755
11795,0.3945326170050732
11796,0.7610248620348375
11797,0.9332660663636353
11798,0.36338260277900164
11799,0.2220205448940271
11800,0.9567508727876526
11801,0.8906399375048499
11802,0.9527292941467205
11803,0.9176851437779115
11804,0.43080683043258944
11805,0.8344554651531855
11806,0.5826829658938332
11807,0.9513842350249935
11808,0.005206137357032577
11809,0.11705119046305063
11810,0.078893896089074
11811,0.9732365265363097
11812,0.1279205494774155
11813,0.0007153105733446902
11814,0.4547639997481859
11815,0.05774774981978143
11816,0.08150213457673251
11817,0.35166427519848087
11818,0.011132922503669282
11819,0.5009509397180381
11820,0.6398589757142744
11821,0.940611107992465
11822,0.8771568121677267
11823,0.0589141140926176
11824,0.15446331622531104
11825,0.001651990293174202
11826,0.25305137430125363
11827,0.09158747354987679
11828,0.02561766288425402
11829,0.6432882339854119
11830,0.025994689761247802
11831,0.5194776558781024
11832,0.9280715849514863
11833,0.9280715849514863
11834,0.0061611450701995925
11835,0.9280715849514863
11836,0.8724104558034275
11837,0.8724104558034275
11838,0.8724104558034275
11839,0.8687799964804314
11840,0.8687799964804314
11841,0.013633107228715845
11842,0.021273161917493545
11843,0.5833642433243512
11844,0.6477236508141048
11845,0.6477236508141048
11846,0.6477236508141048
11847,0.6477236508141048
11848,0.6477236508141048
11849,0.6477236508141048
11850,0.6477236508141048
11851,0.6477236508141048
11852,0.6454159189024933
11853,0.44494693211295927
11854,0.44494693211295927
11855,0.44494693211295927
11856,0.044739569330753216
11857,0.3699260436855727
11858,0.8766266683680235
11859,0.897780690371598
11860,0.8724104558034275
11861,0.14691705611064673
11862,0.19089537489704075
11863,0.09826643169996524
11864,0.11117640918776522
11865,0.11496158207950553
11866,0.13607273936095546
11867,0.13987971488736747
11868,0.9744690979559693
11869,0.2997269212801898
11870,0.28060744685714756
11871,0.06991194426322399
11872,0.9368250238769216
11873,0.9825009000484124
11874,0.8754790715715739
11875,0.03118441077742823
11876,0.12840976464051343
11877,0.5844425136082891
11878,0.5457240141550198
11879,0.6089370959013695
11880,0.012130618785311652
11881,0.007652924967020402
11882,0.025318116063832236
11883,0.17957805716622569
11884,0.48328340382263923
11885,0.42046990095262365
11886,0.9769124477419996
11887,0.9552725205819605
11888,0.8267024259622912
11889,0.011837364840600963
11890,0.8746370847924446
11891,0.08805283677418785
11892,0.08805283677418785
11893,0.08805283677418785
11894,0.10113528183661004
11895,0.031665591866925705
11896,0.8204043290126283
11897,0.7128745390915467
11898,0.05435029987617715
11899,0.7174736309382359
11900,0.608591442848417
11901,0.41029743697685916
11902,0.39751784353009606
11903,0.465462944093537
11904,0.3495279147845676
11905,0.49288283302580693
11906,0.45656017858368453
11907,0.4548279513882607
11908,0.46364679992153296
11909,0.1318937939102628
11910,0.12275842231697127
11911,0.5169341146794008
11912,0.7585342188704987
11913,0.4558397157733551
11914,0.45218177233162865
11915,0.45682482003621905
11916,0.8063115673593414
11917,0.0053116374094462245
11918,0.6495120815145932
11919,0.9522126756659768
11920,0.2823382823517843
11921,0.8063314667713506
11922,0.9739034017927213
11923,0.5013547653385537
11924,0.24144518945971988
11925,0.7362852479239264
11926,0.8267811561621422
11927,0.26404646471865817
11928,0.4662049726899545
11929,0.35844696923819735
11930,0.4740123784527648
11931,0.10243151124164546
11932,0.060440676296034945
11933,0.9724863263034843
11934,0.27009730851074365
11935,0.6433387388174987
11936,0.7226810547981769
11937,0.7953417646943212
11938,0.8228949361416904
11939,0.8129659580635753
11940,0.21786011699120808
11941,0.5036831180774035
11942,0.05224692022794573
11943,0.5244505054913112
11944,0.6941060562654177
11945,0.00957140954069026
11946,0.026082236252105134
11947,0.0279909419612851
11948,0.5335293401791518
11949,0.40544537894047844
11950,0.003154065572281454
11951,0.14868545632423857
11952,0.5979237921798988
11953,0.9796150910215533
11954,0.4870241057667667
11955,0.6928744155042
11956,0.5252604565697192
11957,0.012083364248199903
11958,0.014712973520824622
11959,0.25721659698332294
11960,0.3048533114201501
11961,0.34572539435223204
11962,0.7217290027205486
11963,0.6814540724004101
11964,0.9317879022849884
11965,0.8716401434803464
11966,0.8893789211206116
11967,0.7706353218719512
11968,0.9787798559243048
11969,0.24652721235326916
11970,0.7638467566266578
11971,0.009022284550123381
11972,0.8373138772858488
11973,0.3347993151814133
11974,0.956726063325587
11975,0.9564845046212508
11976,0.893290133447377
11977,0.11486718841398369
11978,0.06691980138146367
11979,0.7128515637421887
11980,0.9574212011204336
11981,0.41958773092722
11982,0.3257994063356536
11983,0.06984399084088927
11984,0.23188263315656374
11985,0.7634970867050817
11986,0.1717718956777691
11987,0.7865690319939294
11988,0.7417787234805647
11989,0.5531072984440948
11990,0.12611372120419642
11991,0.82770410207572
11992,0.8554726615621445
11993,0.12457788704199474
11994,0.1813305721526706
11995,0.014750788549723096
11996,0.07648483250604543
11997,0.7199564517515952
11998,0.49877984622274757
11999,0.9174017409526715
12000,0.7264592041239665
12001,0.1119245460848161
12002,0.2784102961017075
12003,0.7663938922035455
12004,0.12487289401627709
12005,0.9416952501152078
12006,0.8228244474753555
12007,0.703971238492168
12008,0.6471022906952618
12009,0.5510324797666428
12010,0.8944182857818951
12011,0.7585211684601156
12012,0.3976052849127034
12013,0.8803911714680106
12014,0.8105655606728144
12015,0.916237572522037
12016,0.5240104921190168
12017,0.7533156426919823
12018,0.052423572261568685
12019,0.3890802308463043
12020,0.32062035022195795
12021,0.28614665114314203
12022,0.0016834496239042322
12023,0.19326719505623702
12024,0.8511225643003226
12025,0.21621880364294968
12026,0.6453979641154824
12027,0.05519113994450031
12028,0.323563875881611
12029,0.4670814473749334
12030,0.6423494516513111
12031,0.6520763615358725
12032,0.7630744786619813
12033,0.0005377171624561618
12034,0.06499597889895767
12035,0.6732242916073957
12036,0.6161417429388054
12037,0.42370859994690657
12038,0.3282435124902337
12039,0.8896130207866916
12040,0.10422338793621495
12041,0.5188095784051482
12042,0.030949910703936694
12043,0.5535833222592312
12044,0.5547101594208469
12045,0.6378618237485159
12046,0.5547101594208469
12047,0.5660493402839837
12048,0.12791643052363236
12049,0.7360428260897286
12050,0.05419609694026654
12051,0.0010144866774180344
12052,0.013254306023412024
12053,0.02539980582038534
12054,0.1099850623032816
12055,0.48269450678139514
12056,0.0066021951036870155
12057,0.792316008694718
12058,0.04818432141926789
12059,0.012245554057403116
12060,0.8487330639866394
12061,0.9722977108848848
12062,0.9327155346000514
12063,0.7866398000496782
12064,0.4451779840262371
12065,0.8929221140753666
12066,0.6182437050339887
12067,0.7313436858133823
12068,0.7313436858133823
12069,0.6182437050339887
12070,0.07766832901695143
12071,0.31477561794183756
12072,0.6800655364146234
12073,0.9222182134526616
12074,0.7279331483580691
12075,0.9580592343662957
12076,0.899780941130376
12077,0.8529950938961326
12078,0.9700519710139389
12079,0.7935732394304206
12080,0.4015448920449853
12081,0.0689842376953912
12082,0.0670400125746315
12083,0.06568550998948264
12084,0.006146977359618935
12085,0.9384216569479084
12086,0.005464495627134822
12087,0.8271439035519662
12088,0.4194216525530165
12089,0.030538141878008074
12090,0.2525507555706257
12091,0.16119644577130238
12092,0.15071909525131574
12093,0.3377975593491751
12094,0.0897684428252224
12095,0.42189428367620413
12096,0.1116438353504619
12097,0.08450596611078043
12098,0.37137241513128644
12099,0.6520474097109026
12100,0.35739657412698583
12101,0.8056905697359588
12102,0.5710820010104438
12103,0.964311860004162
12104,0.13116381502853716
12105,0.5841369298620239
12106,0.9135821571663082
12107,0.12093819047173776
12108,0.21727324330146044
12109,0.1766378416728814
12110,0.21891321138599973
12111,0.4396620906141231
12112,0.2114781501948593
12113,0.775530236247854
12114,0.5124382850979903
12115,0.5306822054126082
12116,0.5467032064026621
12117,0.8152480818664457
12118,0.7267668290712858
12119,0.6604315738040403
12120,0.6600995775405547
12121,0.8762024431463531
12122,0.4762596576856179
12123,0.42935430384237866
12124,0.36790725470794056
12125,0.8436043111117005
12126,0.866188750659723
12127,0.6190247241225645
12128,0.7175685683515747
12129,0.5047424005818671
12130,0.9135481410650326
12131,0.8732744236074167
12132,0.9641574955790241
12133,0.08735271464502911
12134,0.14811668296008504
12135,0.16757969076536097
12136,0.5438008967040723
12137,0.4925720053899772
12138,0.34373535446481085
12139,0.3284477119707925
12140,0.06753987965855947
12141,0.42477686440927087
12142,0.8537998066994659
12143,0.6176583337575209
12144,0.613110959315464
12145,0.5813113768098273
12146,0.5545318461074822
12147,0.5545318461074822
12148,0.360985248783599
12149,0.38322168936991385
12150,0.5580091714283855
12151,0.37333019978302256
12152,0.5633074769541254
12153,0.08890684258828428
12154,0.10436295785314005
12155,0.1636460197101894
12156,0.9692925826365592
12157,0.3076357208717962
12158,0.2828215133403586
12159,0.13063413764373724
12160,0.696384842482679
12161,0.4823460847789361
12162,0.275016233661626
12163,0.2841355508812226
12164,0.23554737567754158
12165,0.04359216260864983
12166,0.24282346106443775
12167,0.9350559289803393
12168,0.01634106609706129
12169,0.4826454927668879
12170,0.892248979056817
12171,0.8743769114920847
12172,0.09132201813170898
12173,0.19641176916354747
12174,0.08179508547894959
12175,0.4815921402066253
12176,0.3939281342094965
12177,0.8869511689096874
12178,0.026271598892478865
12179,0.2774335188256392
12180,0.27268284302259105
12181,0.31731080154591185
12182,0.8137047230773752
12183,0.3647838757727734
12184,0.05665112962412274
12185,0.20392030059913407
12186,0.8937417329732361
12187,0.3655286015930457
12188,0.7063669255724473
12189,0.7551528175330179
12190,0.2211002474057601
12191,0.47393251798696906
12192,0.08432036462516941
12193,0.030183980764683486
12194,0.022390861139459366
12195,0.08121271778914797
12196,0.06826996848326362
12197,0.06826996848326362
12198,0.06826996848326362
12199,0.06826996848326362
12200,0.05612774991996719
12201,0.2817351595061655
12202,0.08055975681523823
12203,0.06962155930769566
12204,0.06962155930769566
12205,0.19548388089847557
12206,0.08051374994836567
12207,0.06826996848326362
12208,0.06826996848326362
12209,0.2288304082132441
12210,0.22332323094678852
12211,0.7890741629241711
12212,0.7381096874548598
12213,0.8806344189704408
12214,0.9358894154470625
12215,0.5202113458292276
12216,0.769475381548854
12217,0.8296050452609975
12218,0.7892460690044548
12219,0.8243009766832651
12220,0.13445777109708779
12221,0.846637759512235
12222,0.5562096215449029
12223,0.7920205623641844
12224,0.6439828914249194
12225,0.7628915186737607
12226,0.7600073131151787
12227,0.7219914359330728
12228,0.16797314470355662
12229,0.49715518424809235
12230,0.07556466031934807
12231,0.3898945587931162
12232,0.09127100657403554
12233,0.19344492355836007
12234,0.096924309098194
12235,0.1522807785270415
12236,0.7871973204039548
12237,0.7442273705002952
12238,0.10487772256531014
12239,0.9740279306252092
12240,0.08100223857943313
12241,0.17069404293391913
12242,0.752455626832047
12243,0.001098741168770361
12244,0.2122038262862103
12245,0.960786036013619
12246,0.9251215537482623
12247,0.5178834884980601
12248,0.627743930808751
12249,0.45275270764782505
12250,0.8106947598457637
12251,0.9579553281328582
12252,0.20748499927939903
12253,0.022369694433236203
12254,0.9888674437312022
12255,0.01496014695218678
12256,0.01809408385414744
12257,0.9716250277182995
12258,0.6649495548559369
12259,0.17580184857841152
12260,0.676407772056075
12261,0.9321384746923915
12262,0.09555235475779528
12263,0.09584902205279888
12264,0.806676221682968
12265,0.0839021452197901
12266,0.0343711733442169
12267,0.22980402328920593
12268,0.07844419450765226
12269,0.09204371367608964
12270,0.06024034613266924
12271,0.8594496222106018
12272,0.24391686823403327
12273,0.7540160057489635
12274,0.025000750786918984
12275,0.867856766196017
12276,0.02094615359620957
12277,0.5641493211374581
12278,0.9249899587296763
12279,0.6924973979484029
12280,0.6181560610935727
12281,0.03084211623023334
12282,0.7987260689129109
12283,0.9090073693744458
12284,0.07978455087095603
12285,0.0943694921838456
12286,0.3579996990697747
12287,0.23788942324237095
12288,0.1241160545962645
12289,0.20869491192591527
12290,0.2337872887690212
12291,0.0813198780170397
12292,0.6711112247743
12293,0.9763009030829881
12294,0.8463280950453651
12295,0.6193404701952191
12296,0.0876392683217964
12297,0.06582557407588537
12298,0.9359318778441991
12299,0.002133396307040222
12300,0.5941557423164366
12301,0.28593691843554286
12302,0.44021736017261426
12303,0.5180543491224775
12304,0.7947085280559572
12305,0.5772122694714993
12306,0.006445395065969684
12307,0.5519415802209856
12308,0.3267257832157068
12309,0.0068279166067803975
12310,0.5982301971417046
12311,0.8257180493970946
12312,0.4537599678436292
12313,0.838064763254041
12314,0.4493005084837173
12315,0.8355252420165336
12316,0.13356362053027235
12317,0.554043813069682
12318,0.10349194423180552
12319,0.2594726769966731
12320,0.01881582443474004
12321,0.055970948000325836
12322,0.11074346825975913
12323,0.12719236535086229
12324,0.08254846639152805
12325,0.12613389976449407
12326,0.1913808805838925
12327,0.021854118616629486
12328,0.12865181717166835
12329,0.05297317179782412
12330,0.09204704353362438
12331,0.025663474792049657
12332,0.002983468517034196
12333,0.059156183896966114
12334,0.014040429553549038
12335,0.04966438874712371
12336,0.0034559010924454484
12337,0.007419142231225546
12338,0.006721091878150558
12339,0.018207163961318888
12340,0.879334577195232
12341,0.61114221676204
12342,0.9284776689404671
12343,0.9377192102815936
12344,0.88127631486848
12345,0.014226658231773328
12346,0.013101476441512272
12347,0.012922588491676787
12348,0.0032611901238997296
12349,0.0078040557339928195
12350,0.003962349012290904
12351,0.058226438467249654
12352,0.8082327383228104
12353,0.8649145455880262
12354,0.021319101290124997
12355,0.8248272823064184
12356,0.2942575513953318
12357,0.008015655359804016
12358,0.20149659819401725
12359,0.06437298249323488
12360,0.30731013245102146
12361,0.35134479008367814
12362,0.21115382093872523
12363,0.06853763164338232
12364,0.5311375298308213
12365,0.31394426676067133
12366,0.12294250032625369
12367,0.2993699368928423
12368,0.07635719349812121
